{
  "tec_type": "mmc",
  "tec": [
    1.7470468845800609,
    2.1234915996411052,
    11.150457262903124,
    2.5247224198637706,
    4.852854670838698,
    4.362612389150439,
    4.359423072454219,
    7.9435446170749024,
    0.37474486641758586,
    0.7172505583280748,
    2.8522710990293256,
    7.49854953787691,
    1.1792765489088652,
    0.4127881247334516,
    1.1149546203732508,
    1.756653914158781,
    0.43356602383420056,
    3.2041003241186043,
    12.20359114438061,
    5.973651807351013,
    0.952565942068162,
    3.8706663174375904,
    1.856037515459323,
    1.5506055506817709,
    2.6332981123079016,
    5.832636700864981,
    5.364262247931066,
    1.0460335760122526,
    0.9025240751573036,
    1.9245072794068887,
    0.9390472049340771,
    4.576310835996602,
    0.34465549258549855,
    2.1702053295743435,
    2.94339611186058,
    0.5368230426186845,
    1.7705814432873106,
    1.8188252483424003,
    10.275749235566735,
    1.0590910330660608,
    0.2090772406524499,
    2.1560545578688544,
    5.5753763302928085,
    3.546404805818737,
    0.375327735132696,
    5.340365505988518,
    13.357040163248309,
    1.6201581393393192,
    5.013804409359362,
    7.604372377864879,
    0.6062647629704463,
    5.475976295733149,
    0.01172760693335465,
    1.2464744015702531,
    0.5920610715567594,
    0.36839933070590763,
    3.870220815947443,
    6.266737825963223,
    1.2846724935373868,
    0.8176492797082383,
    0.4774630827561741,
    2.53980538078897,
    3.5334099069451455,
    7.566704434017309,
    1.598688341461365,
    4.114869816372133,
    0.17455233459279312,
    0.3221335507212524,
    2.0886890100696203,
    6.810406047318977,
    0.1298591609784535,
    6.142853799150971,
    0.024429864642778142,
    2.0924120478926738,
    3.192707760739534,
    0.7472286704191602,
    3.1635114123412427,
    1.8598596019875424,
    0.37109683985907843,
    0.17699566018852508,
    5.156294583303431,
    0.5183914816258608,
    1.4877817572331553,
    1.8661923228390054,
    0.13859986283857753,
    0.25639160759225904,
    3.932677218690033,
    4.95955280216152,
    2.1503046250261284,
    8.392716690172705,
    6.743736920474286,
    0.18534595159719527,
    3.7845202529992465,
    9.560410787721638,
    2.4901147460820887,
    5.146545564689019,
    11.45203405899681,
    2.1683761202703162,
    3.7715553341770427,
    3.96195496571928
  ],
  "ts_type": "exp",
  "ts": {
    "lambda": 0.5
  },
  "clients": 1000,
  "servers": 1
}